state_nm,Arson,Attempt to murder,CH not amounting to murder,Cheating/Criminal breach of trust/Counterfeiting,Dacoity/Robbery/Theft/Burglary,Harrasment,Hurt,Kidnapping(Children),Kidnapping(Total),Kidnapping(Women),Murder,Others,Rape(Custodial),Rape(Others),Rape(Total),Riots,Theft(Auto),Theft(Other),Total Cognizable Under IPC,year
Andaman & Nicobar Island,0.0,0.0,0.0,0.0,0.17,0.0,0.04,0.0,0.0,0.0,0.37,0.1,0.0,0.0,0.0,0.09,0.0,0.0,0.07,2001
Andhra Pradesh,1.64,2.21,0.0,0.0,27.41,25.68,7.05,13.04,4.03,0.0,2.78,10.610000000000001,0.0,3.95,3.95,1.5,6.83,13.25,6.04,2001
Arunanchal Pradesh,0.0,0.0,0.0,0.0,23.270000000000003,1.04,0.44,0.0,0.0,0.0,0.19,0.19,0.0,1.19,1.19,0.0,0.49,0.99,0.58,2001
Assam,1.64,0.0,0.0,3.48,6.84,0.0,0.24,0.0,0.0,0.0,0.56,0.0,0.0,0.79,0.79,0.66,1.14,3.74,1.07,2001
Bihar,0.0,2.72,0.0,0.87,12.669999999999998,0.0,1.05,0.0,0.0,0.0,1.67,9.68,0.0,2.37,2.37,6.38,0.81,1.64,2.44,2001
Chandigarh,0.0,0.0,0.0,0.0,3.0,0.17,0.28,0.0,0.67,0.97,0.0,0.11,0.0,0.0,0.0,0.05,0.16,0.88,0.28,2001
Chhattisgarh,1.64,3.57,7.89,0.0,26.480000000000004,10.600000000000001,3.9,0.0,8.72,12.62,6.31,10.82,0.0,12.25,12.25,2.53,6.67,5.22,5.05,2001
Dadara & Nagar Havelli,0.0,0.0,0.0,0.0,0.04,0.0,0.0,0.0,0.0,0.0,0.0,0.0,0.0,0.0,0.0,0.0,0.33,0.0,0.01,2001
Daman & Diu,0.0,0.0,0.0,0.0,0.08,0.0,0.0,0.0,0.0,0.0,0.0,0.0,0.0,0.0,0.0,0.0,0.0,0.0,0.01,2001
Delhi,0.0,2.55,7.89,10.17,25.060000000000002,4.99,1.23,13.04,8.72,6.8,7.79,11.01,0.0,4.94,4.94,0.99,9.59,6.94,3.46,2001
Goa,3.28,1.19,0.0,0.0,3.51,0.35,0.04,0.0,0.0,0.0,0.0,2.05,0.0,0.0,0.0,0.33,0.81,0.42,0.28,2001
Gujarat,6.56,5.61,0.0,17.85,32.11,4.67,12.75,6.52,22.82,30.1,6.86,44.79,0.0,1.78,1.78,10.46,33.5,7.19,11.09,2001
Haryana,1.64,7.82,28.95,80.91,103.57999999999998,14.92,7.32,17.39,9.4,5.83,8.35,31.31,0.0,7.51,7.51,6.1,5.37,2.7,5.82,2001
Himachal Pradesh,3.28,0.17,0.0,0.0,1.1300000000000001,0.17,0.48,0.0,2.01,2.91,0.0,0.6,0.0,1.38,1.38,1.17,0.33,0.21,0.55,2001
Jammu & Kashmir,0.0,0.0,0.0,0.0,0.0,0.17,0.0,0.0,0.0,0.0,0.0,0.02,0.0,0.0,0.0,0.0,0.0,0.0,0.01,2001
Jharkhand,0.0,5.27,2.63,20.59,7.58,3.44,0.02,4.35,5.37,5.83,8.35,0.31,0.0,7.91,7.91,0.7,0.0,1.71,1.21,2001
Karnataka,0.0,0.51,0.0,2.61,18.16,1.3599999999999999,8.48,0.0,0.0,0.0,2.78,9.97,0.0,1.38,1.38,0.94,1.46,2.13,2.94,2001
Kerala,4.92,0.51,0.0,0.0,1.9300000000000002,0.0,0.11,0.0,0.0,0.0,0.56,0.81,0.0,0.59,0.59,1.13,0.49,0.57,0.54,2001
Lakshadweep,0.0,0.0,0.0,0.0,0.0,0.0,0.0,0.0,0.0,0.0,0.0,0.02,0.0,0.0,0.0,0.0,0.0,0.0,0.0,2001
Madhya Pradesh,32.79,26.19,28.95,57.59,44.11,82.8,28.67,10.87,11.41,11.65,19.67,102.25999999999999,0.0,33.2,33.2,12.9,2.28,9.32,23.76,2001
Maharashtra,27.87,10.37,10.53,54.91,119.35,22.77,19.67,8.7,10.07,10.68,16.88,90.2,0.0,11.26,11.26,23.32,14.31,25.79,17.51,2001
Manipur,0.0,0.0,0.0,0.0,0.0,0.0,0.0,0.0,0.0,0.0,0.0,0.0,0.0,0.0,0.0,0.0,0.0,0.0,0.0,2001
Meghalaya,0.0,0.0,0.0,0.0,1.44,0.0,0.0,0.0,0.0,0.0,1.11,0.35,0.0,0.2,0.2,0.0,0.0,0.6,0.28,2001
Mizoram,0.0,0.0,0.0,0.0,0.62,0.17,0.0,0.0,0.0,0.0,0.0,0.13,0.0,0.2,0.2,0.0,1.14,0.16,0.13,2001
Nagaland,0.0,0.0,0.0,0.0,1.02,0.0,0.02,0.0,0.0,0.0,0.0,0.16,0.0,0.0,0.0,0.0,0.0,0.21,0.09,2001
Odisha,0.0,0.85,0.0,1.74,6.36,0.0,0.26,0.0,0.0,0.0,0.37,1.7,0.0,1.38,1.38,0.94,0.0,1.9,0.9,2001
Puducherry,0.0,0.0,0.0,0.0,0.04,0.84,0.0,0.0,0.0,0.0,0.0,0.0,0.0,0.0,0.0,0.0,0.0,0.05,0.01,2001
Punjab,0.0,0.0,0.0,0.87,0.2,0.35,0.02,0.0,1.34,1.94,0.0,1.7600000000000002,0.0,0.2,0.2,0.0,0.0,0.18,0.1,2001
Rajasthan,11.48,15.99,2.63,47.56,19.71,18.26,7.36,26.09,14.77,9.71,9.28,45.14,0.0,4.94,4.94,28.72,11.22,6.03,12.22,2001
Sikkim,0.0,0.0,0.0,0.0,0.16999999999999998,0.84,0.0,0.0,0.0,0.0,0.74,0.05,0.0,0.2,0.2,0.0,0.0,0.1,0.06,2001
Tamil Nadu,0.0,14.29,0.0,0.0,10.52,4.55,0.33,0.0,0.0,0.0,2.04,3.1500000000000004,0.0,0.2,0.2,0.8,2.44,7.04,2.65,2001
Tripura,3.28,0.17,0.0,0.0,0.1,0.17,0.07,0.0,0.0,0.0,0.37,0.06,0.0,0.0,0.0,0.19,0.0,0.03,0.08,2001
Uttar Pradesh,0.0,0.0,10.53,0.87,1.99,1.68,0.15,0.0,0.67,0.97,2.78,21.200000000000003,0.0,2.17,2.17,0.09,0.65,0.7,0.64,2001
Uttarakhand,0.0,0.0,0.0,0.0,0.17,0.0,0.0,0.0,0.0,0.0,0.0,1.27,0.0,0.0,0.0,0.0,0.0,0.0,0.02,2001
West Bengal,0.0,0.0,0.0,0.0,1.1099999999999999,0.0,0.0,0.0,0.0,0.0,0.19,0.16,0.0,0.0,0.0,0.0,0.0,0.31,0.11,2001
Andaman & Nicobar Island,0.0,0.0,0.0,0.0,0.1,0.0,0.0,0.0,0.0,0.0,0.0,0.05,0.0,0.0,0.0,0.0,0.0,0.03,0.02,2002
Andhra Pradesh,1.75,1.1,0.0,55.32,21.09,9.290000000000001,6.7,14.29,5.45,1.44,3.46,16.79,0.0,6.72,6.72,1.41,11.13,9.6,5.86,2002
Arunanchal Pradesh,0.0,1.57,0.0,0.0,3.4499999999999997,0.16,0.5,0.0,0.0,0.0,0.0,0.32,0.0,0.0,0.0,0.84,0.0,1.0,0.53,2002
Assam,4.68,1.42,0.0,0.0,14.100000000000001,0.0,0.34,11.11,11.39,11.51,2.26,0.47,0.0,3.45,3.45,0.73,0.0,2.91,1.33,2002
Bihar,0.0,0.79,0.0,3.0,11.13,0.48,2.83,4.76,1.98,0.72,1.05,12.18,0.0,0.18,0.18,5.43,0.42,1.66,2.61,2002
Chandigarh,0.0,0.47,0.0,0.0,2.17,0.5,0.16,1.59,0.99,0.72,0.3,0.15,0.0,0.73,0.73,0.21,0.85,0.46,0.28,2002
Chhattisgarh,5.26,2.67,4.17,9.0,17.5,5.99,4.03,0.0,2.48,3.6,5.86,17.07,0.0,13.61,13.61,4.12,4.93,4.42,5.02,2002
Dadara & Nagar Havelli,0.0,0.0,0.0,0.0,0.0,0.0,0.0,0.0,0.0,0.0,0.0,0.0,0.0,0.0,0.0,0.0,0.0,0.0,0.0,2002
Daman & Diu,0.0,0.0,0.0,0.0,0.0,0.0,0.0,0.0,0.0,0.0,0.0,0.0,0.0,0.0,0.0,0.0,0.0,0.0,0.0,2002
Delhi,0.58,1.89,16.67,25.94,33.71,4.24,1.28,7.94,4.46,2.88,5.26,7.359999999999999,0.0,5.44,5.44,1.62,10.0,11.77,4.41,2002
Goa,0.0,0.16,0.0,0.0,1.9600000000000002,0.66,0.06,0.0,0.0,0.0,0.15,0.08,0.0,0.18,0.18,0.0,0.42,0.56,0.27,2002
Gujarat,59.06,11.32,0.0,18.66,52.62,1.44,6.64,7.94,9.9,10.79,7.82,36.92,0.0,2.18,2.18,15.24,16.34,5.95,9.39,2002
Haryana,0.58,6.45,12.5,67.49000000000001,79.59,50.83,7.94,9.52,9.41,9.35,8.27,32.27,0.0,3.63,3.63,7.72,12.96,3.93,7.4,2002
Himachal Pradesh,0.58,0.0,4.17,0.0,1.15,0.16,0.4,0.0,0.0,0.0,0.9,0.75,0.0,1.09,1.09,0.73,0.56,0.36,0.47,2002
Jammu & Kashmir,0.0,0.0,0.0,0.0,0.04,0.0,0.02,0.0,0.0,0.0,0.15,0.0,0.0,0.0,0.0,0.0,0.0,0.0,0.01,2002
Jharkhand,0.0,0.63,0.0,1.55,8.51,1.76,0.52,3.17,2.48,2.16,0.9,16.82,0.0,6.9,6.9,2.82,1.13,2.25,2.92,2002
Karnataka,0.0,0.79,4.17,0.0,9.13,0.34,0.52,1.59,0.99,0.72,2.56,1.0699999999999998,0.0,0.36,0.36,0.57,2.11,2.3,1.06,2002
Kerala,2.92,1.26,0.0,0.0,5.0600000000000005,0.16,0.2,0.0,0.0,0.0,1.2,0.35,0.0,0.36,0.36,3.76,0.0,1.17,0.83,2002
Lakshadweep,0.0,0.0,0.0,0.0,0.0,0.0,0.0,0.0,0.0,0.0,0.0,0.0,0.0,0.0,0.0,0.0,0.0,0.0,0.0,2002
Madhya Pradesh,10.53,32.86,37.5,19.740000000000002,50.870000000000005,92.97,39.9,20.63,14.36,11.51,20.9,123.81,0.0,31.4,31.4,13.73,5.63,12.77,27.91,2002
Maharashtra,5.85,20.44,12.5,93.19999999999999,128.0,21.04,21.57,11.11,8.91,7.91,21.65,56.09,0.0,9.98,9.98,25.52,24.23,23.21,17.83,2002
Manipur,0.0,0.0,0.0,0.0,0.0,0.0,0.0,0.0,0.0,0.0,0.0,0.0,0.0,0.0,0.0,0.0,0.0,0.0,0.0,2002
Meghalaya,1.75,0.16,0.0,0.0,6.61,0.32,0.02,1.59,0.5,0.0,0.6,0.09,0.0,1.27,1.27,0.0,0.14,0.38,0.25,2002
Mizoram,0.0,0.0,0.0,0.0,0.75,0.0,0.0,0.0,0.0,0.0,0.45,0.15,0.0,1.45,1.45,0.0,0.0,0.51,0.2,2002
Nagaland,0.0,0.0,0.0,0.0,0.13,0.0,0.02,0.0,0.0,0.0,0.0,0.05,0.0,0.0,0.0,0.0,0.0,0.1,0.04,2002
Odisha,0.58,0.94,0.0,0.0,5.359999999999999,0.8,0.12,0.0,0.5,0.72,1.95,1.19,0.0,1.09,1.09,0.21,0.0,1.28,0.75,2002
Puducherry,0.0,0.0,0.0,0.0,0.16,0.16,0.08,0.0,0.0,0.0,0.0,0.08,0.0,0.0,0.0,0.05,0.0,0.05,0.06,2002
Punjab,0.0,0.31,0.0,3.7700000000000005,7.71,2.36,0.44,0.0,1.49,2.16,1.35,3.78,0.0,0.91,0.91,0.0,0.0,0.49,0.54,2002
Rajasthan,3.51,13.68,4.17,2.33,23.970000000000002,3.53,4.79,4.76,6.93,7.91,6.77,37.35,0.0,5.26,5.26,14.09,6.2,4.67,7.06,2002
Sikkim,0.0,0.0,0.0,0.0,0.06,0.0,0.0,0.0,0.0,0.0,0.0,0.0,0.0,0.0,0.0,0.0,0.14,0.0,0.01,2002
Tamil Nadu,2.34,0.94,4.17,0.0,14.58,2.3,0.8,0.0,8.42,12.23,3.46,27.36,0.0,1.27,1.27,0.94,2.54,7.84,2.53,2002
Tripura,0.0,0.0,0.0,0.0,0.04,0.0,0.0,0.0,0.0,0.0,0.0,0.08,0.0,0.0,0.0,0.0,0.0,0.05,0.03,2002
Uttar Pradesh,0.0,0.16,0.0,0.0,0.17,0.34,0.12,0.0,8.91,12.95,2.11,7.349999999999999,0.0,2.18,2.18,0.26,0.14,0.18,0.31,2002
Uttarakhand,0.0,0.0,0.0,0.0,0.16,0.0,0.0,0.0,0.0,0.0,0.3,0.02,0.0,0.0,0.0,0.0,0.0,0.0,0.03,2002
West Bengal,0.0,0.0,0.0,0.0,0.11,0.16,0.0,0.0,0.5,0.72,0.3,0.05,0.0,0.36,0.36,0.0,0.14,0.1,0.06,2002
Andaman & Nicobar Island,0.0,0.0,0.0,0.0,0.0,0.0,0.0,0.0,0.0,0.0,0.0,0.13,0.0,0.0,0.0,0.0,0.0,0.0,0.04,2003
Andhra Pradesh,13.64,3.89,8.0,18.84,31.119999999999997,27.81,8.85,12.73,11.54,11.17,6.88,28.67,0.0,10.47,10.47,5.79,8.22,11.11,7.45,2003
Arunanchal Pradesh,0.0,0.0,0.0,0.0,3.1900000000000004,0.0,0.73,0.0,0.0,0.0,0.0,1.02,0.0,0.0,0.0,0.17,0.0,1.3,0.79,2003
Assam,0.0,0.0,0.0,11.43,6.529999999999999,0.0,0.02,14.55,4.27,1.12,1.55,0.33,0.0,1.5,1.5,3.09,0.0,4.74,1.53,2003
Bihar,2.27,2.12,4.0,29.23,14.149999999999999,0.0,1.26,14.55,3.42,0.0,2.58,8.36,0.0,0.75,0.75,1.99,0.12,0.82,1.07,2003
Chandigarh,0.0,0.18,0.0,0.0,3.68,0.0,0.22,0.0,0.0,0.0,0.17,0.15,0.0,0.37,0.37,0.88,2.7,0.97,0.45,2003
Chhattisgarh,15.91,2.83,8.0,5.7,23.43,6.17,3.98,1.82,1.28,1.12,5.16,20.83,0.0,11.4,11.4,4.36,4.91,4.38,5.82,2003
Dadara & Nagar Havelli,0.0,0.0,0.0,0.7,0.0,0.0,0.0,0.0,0.0,0.0,0.0,0.01,0.0,0.0,0.0,0.0,0.0,0.0,0.01,2003
Daman & Diu,0.0,0.0,0.0,0.0,0.0,0.0,0.0,0.0,0.0,0.0,0.0,0.0,0.0,0.0,0.0,0.11,0.0,0.0,0.01,2003
Delhi,0.0,3.19,4.0,13.440000000000001,21.31,1.8,1.29,3.64,4.7,5.03,8.26,2.28,0.0,4.49,4.49,0.0,5.03,5.81,3.02,2003
Goa,0.0,0.0,0.0,0.0,2.7199999999999998,0.0,0.05,0.0,0.43,0.56,0.69,1.34,0.0,0.0,0.0,0.06,0.98,0.41,0.34,2003
Gujarat,18.18,7.08,4.0,23.14,25.65,1.9,7.08,7.27,15.38,17.88,7.57,31.78,0.0,2.43,2.43,9.16,16.44,7.14,7.08,2003
Haryana,6.82,7.79,36.0,97.27,57.13,29.59,7.54,9.09,8.12,7.82,6.2,19.39,0.0,3.18,3.18,7.12,5.15,2.7,5.87,2003
Himachal Pradesh,0.0,0.18,4.0,0.0,1.05,0.41,0.39,0.0,0.0,0.0,0.34,2.25,0.0,1.5,1.5,1.6,0.25,0.15,0.49,2003
Jammu & Kashmir,0.0,0.88,0.0,0.0,0.38,0.0,0.0,0.0,0.0,0.0,0.0,0.0,0.0,0.19,0.19,0.0,0.0,0.05,0.07,2003
Jharkhand,0.0,12.04,0.0,36.269999999999996,32.0,3.73,1.38,0.0,2.99,3.91,1.55,3.41,0.0,2.06,2.06,7.84,0.98,1.73,2.87,2003
Karnataka,0.0,0.88,0.0,0.0,8.66,0.27,1.21,0.0,0.0,0.0,1.03,0.8700000000000001,0.0,0.19,0.19,1.05,1.6,2.17,1.21,2003
Kerala,0.0,0.18,0.0,0.0,8.219999999999999,0.54,3.86,0.0,0.0,0.0,0.86,4.95,0.0,1.31,1.31,8.0,1.1,2.4,2.42,2003
Lakshadweep,0.0,0.0,0.0,0.0,0.0,0.0,0.0,0.0,0.0,0.0,0.0,0.0,0.0,0.0,0.0,0.0,0.0,0.0,0.0,2003
Madhya Pradesh,18.18,26.55,16.0,3.52,58.059999999999995,83.97,28.86,23.64,17.52,15.64,16.18,141.32,0.0,35.33,35.33,14.29,13.01,12.39,28.49,2003
Maharashtra,13.64,13.98,4.0,21.91,144.34,17.119999999999997,23.59,12.73,11.11,10.61,22.72,89.91,0.0,10.84,10.84,24.56,26.01,23.8,18.42,2003
Manipur,0.0,0.0,0.0,0.0,0.0,0.0,0.0,0.0,0.0,0.0,0.0,0.0,0.0,0.0,0.0,0.0,0.0,0.0,0.0,2003
Meghalaya,0.0,0.35,4.0,0.0,3.1199999999999997,0.0,0.05,0.0,0.0,0.0,0.69,0.06,0.0,1.12,1.12,0.0,0.0,0.18,0.13,2003
Mizoram,0.0,0.0,0.0,0.0,1.28,0.14,0.05,0.0,0.0,0.0,0.17,0.22,0.0,0.56,0.56,0.0,0.0,0.31,0.19,2003
Nagaland,0.0,0.0,0.0,0.0,0.0,0.0,0.0,0.0,0.0,0.0,0.0,0.0,0.0,0.0,0.0,0.0,0.0,0.0,0.0,2003
Odisha,2.27,0.71,0.0,0.7,7.380000000000001,1.9,0.36,0.0,0.85,1.12,2.07,0.91,0.0,2.24,2.24,0.66,0.0,3.11,1.27,2003
Puducherry,2.27,0.0,0.0,0.0,0.62,0.0,0.05,0.0,0.43,0.56,0.52,0.03,0.0,0.19,0.19,0.0,0.12,0.43,0.14,2003
Punjab,0.0,1.42,4.0,0.0,1.02,0.68,0.22,0.0,0.0,0.0,0.69,5.97,0.0,0.56,0.56,0.0,0.74,0.25,0.4,2003
Rajasthan,6.82,13.45,0.0,36.44,18.36,4.88,7.2,0.0,10.68,13.97,8.26,23.62,0.0,6.54,6.54,8.06,9.69,4.87,6.64,2003
Sikkim,0.0,0.0,0.0,0.0,0.13,0.14,0.02,0.0,0.0,0.0,0.52,0.06,0.0,0.37,0.37,0.06,0.0,0.08,0.07,2003
Tamil Nadu,0.0,2.3,0.0,1.41,20.189999999999998,16.16,1.72,0.0,2.56,3.35,4.48,11.82,0.0,1.68,1.68,0.72,2.94,8.1,3.29,2003
Tripura,0.0,0.0,0.0,0.0,0.0,0.0,0.0,0.0,0.0,0.0,0.0,0.0,0.0,0.0,0.0,0.0,0.0,0.0,0.0,2003
Uttar Pradesh,0.0,0.0,0.0,0.0,0.28,1.53,0.02,0.0,4.7,6.15,0.69,0.26,0.0,0.0,0.0,0.39,0.0,0.25,0.23,2003
Uttarakhand,0.0,0.0,0.0,0.0,0.0,0.88,0.0,0.0,0.0,0.0,0.0,0.0,0.0,0.0,0.0,0.0,0.0,0.0,0.02,2003
West Bengal,0.0,0.0,4.0,0.0,6.0,0.41,0.0,0.0,0.0,0.0,0.17,0.07,0.0,0.75,0.75,0.06,0.0,0.36,0.16,2003
Andaman & Nicobar Island,0.0,0.0,0.0,0.0,0.28,0.0,0.07,0.0,0.0,0.0,0.0,0.02,0.0,0.0,0.0,0.0,0.0,0.02,0.05,2004
Andhra Pradesh,7.84,1.68,5.0,7.99,22.669999999999998,14.830000000000002,3.95,1.25,3.41,4.23,4.46,6.67,0.0,7.01,7.01,1.84,7.49,11.41,5.27,2004
Arunanchal Pradesh,0.0,0.0,0.0,0.0,1.5999999999999999,0.0,0.47,0.0,0.0,0.0,0.34,0.45,0.0,0.0,0.0,0.06,0.0,0.5,0.37,2004
Assam,0.0,0.0,0.0,0.0,13.46,0.0,0.0,8.75,7.51,7.04,1.37,0.69,0.0,1.37,1.37,0.89,1.22,2.57,1.34,2004
Bihar,0.0,0.93,0.0,1.74,5.3999999999999995,0.19,0.15,5.0,1.37,0.0,1.72,3.0100000000000002,0.0,0.61,0.61,1.14,0.37,1.11,0.86,2004
Chandigarh,0.0,0.37,0.0,0.0,2.49,0.0,0.15,0.0,0.0,0.0,0.17,0.68,0.0,0.3,0.3,1.02,0.75,0.48,0.42,2004
Chhattisgarh,3.92,5.22,0.0,1.16,25.46,19.13,6.14,3.75,5.12,5.63,7.03,18.29,0.0,9.91,9.91,4.64,4.31,3.69,6.06,2004
Dadara & Nagar Havelli,0.0,0.0,0.0,0.0,0.0,0.0,0.02,0.0,0.0,0.0,0.0,0.05,0.0,0.0,0.0,0.0,0.0,0.0,0.02,2004
Daman & Diu,0.0,0.0,0.0,0.0,0.0,0.0,0.0,0.0,0.0,0.0,0.0,0.0,0.0,0.0,0.0,0.0,0.0,0.0,0.0,2004
Delhi,0.0,2.8,0.0,6.4,20.93,6.57,1.1,3.75,10.24,12.68,6.17,9.54,0.0,10.98,10.98,0.25,8.9,3.71,3.5,2004
Goa,0.0,0.37,0.0,0.0,0.8400000000000001,0.47,0.07,0.0,1.02,1.41,0.69,1.6700000000000002,0.0,0.76,0.76,0.25,0.37,0.31,0.25,2004
Gujarat,5.88,3.36,0.0,34.1,39.480000000000004,13.16,8.62,0.0,9.22,12.68,4.29,35.980000000000004,0.0,3.51,3.51,13.53,15.36,5.84,7.39,2004
Haryana,13.73,4.48,15.0,60.53,50.21000000000001,27.09,6.14,7.5,6.48,6.1,5.15,26.15,0.0,3.66,3.66,8.32,6.74,2.11,4.94,2004
Himachal Pradesh,0.0,0.19,0.0,0.0,1.04,0.0,0.54,3.75,1.37,0.47,0.34,0.8,0.0,0.91,0.91,0.76,0.28,0.25,0.46,2004
Jammu & Kashmir,0.0,0.0,5.0,0.0,0.18,0.0,0.0,0.0,0.0,0.0,0.0,0.05,0.0,0.0,0.0,0.06,0.0,0.02,0.04,2004
Jharkhand,0.0,12.69,0.0,23.59,28.459999999999997,5.26,1.4,0.0,2.39,3.29,1.54,3.89,0.0,1.68,1.68,9.02,0.75,1.42,2.87,2004
Karnataka,0.0,1.31,0.0,2.33,9.41,0.0,1.67,10.0,3.41,0.94,2.23,0.48,0.0,0.91,0.91,0.57,3.37,3.25,1.7,2004
Kerala,0.0,0.37,0.0,51.16,6.500000000000001,0.38,1.03,3.75,1.02,0.0,0.51,2.5,0.0,1.07,1.07,6.8,1.03,1.13,1.29,2004
Lakshadweep,0.0,0.0,0.0,0.0,0.0,0.0,0.0,0.0,0.0,0.0,0.0,0.0,0.0,0.0,0.0,0.0,0.0,0.0,0.0,2004
Madhya Pradesh,27.45,30.04,25.0,10.07,52.05,75.97,32.11,13.75,16.72,17.84,24.53,162.64000000000001,0.0,33.08,33.08,16.52,6.84,12.87,27.36,2004
Maharashtra,19.61,13.62,10.0,72.72,163.26999999999998,19.5,25.34,11.25,11.95,12.21,20.07,91.19,0.0,9.6,9.6,25.22,27.81,24.93,19.94,2004
Manipur,0.0,0.0,0.0,0.0,0.0,0.0,0.0,0.0,0.0,0.0,0.0,0.0,0.0,0.0,0.0,0.0,0.0,0.0,0.0,2004
Meghalaya,0.0,0.0,0.0,0.0,4.03,0.0,0.07,0.0,0.0,0.0,0.51,0.25,0.0,1.07,1.07,0.0,0.47,0.31,0.21,2004
Mizoram,9.8,0.56,0.0,16.23,7.1000000000000005,3.95,0.42,1.25,0.34,0.0,0.17,3.31,0.0,0.3,0.3,0.0,0.0,5.42,2.45,2004
Nagaland,0.0,0.0,0.0,0.0,0.0,0.0,0.0,0.0,0.0,0.0,0.0,0.0,0.0,0.46,0.46,0.0,0.0,0.0,0.01,2004
Odisha,1.96,0.75,0.0,1.74,6.6899999999999995,1.32,0.27,0.0,0.68,0.94,2.06,2.4699999999999998,0.0,2.59,2.59,1.08,0.09,2.5,1.43,2004
Puducherry,0.0,0.0,0.0,1.16,1.22,0.0,0.22,0.0,0.0,0.0,0.0,0.0,0.0,0.3,0.3,0.0,0.66,0.46,0.22,2004
Punjab,0.0,0.19,0.0,1.74,0.96,0.47,0.2,0.0,0.68,0.94,0.86,0.67,0.0,0.0,0.0,0.0,0.0,0.38,0.32,2004
Rajasthan,3.92,16.98,5.0,4.07,17.88,4.609999999999999,7.73,6.25,6.48,6.57,8.4,24.05,0.0,4.88,4.88,6.23,8.9,5.19,6.99,2004
Sikkim,0.0,0.75,5.0,0.0,0.1,0.19,0.02,0.0,0.0,0.0,0.0,0.02,0.0,0.0,0.0,0.0,0.0,0.08,0.05,2004
Tamil Nadu,5.88,2.61,0.0,1.16,15.530000000000001,4.4,1.89,0.0,2.39,3.29,4.46,0.9000000000000001,0.0,2.44,2.44,1.08,3.75,8.43,3.22,2004
Tripura,0.0,0.0,0.0,0.0,0.0,0.0,0.0,0.0,0.0,0.0,0.0,0.0,0.0,0.0,0.0,0.0,0.0,0.0,0.0,2004
Uttar Pradesh,0.0,0.75,15.0,0.0,1.01,1.4,0.05,20.0,8.19,3.76,2.92,3.35,0.0,2.13,2.13,0.13,0.56,0.38,0.52,2004
Uttarakhand,0.0,0.0,0.0,0.0,0.05,0.0,0.12,0.0,0.0,0.0,0.0,0.13,0.0,0.0,0.0,0.0,0.0,0.06,0.06,2004
West Bengal,0.0,0.0,15.0,2.08,1.6600000000000001,1.13,0.02,0.0,0.0,0.0,0.0,0.1,0.0,0.46,0.46,0.57,0.0,1.17,0.36,2004
Andaman & Nicobar Island,0.0,0.19,0.0,0.0,0.15,0.0,0.0,0.0,0.0,0.0,0.0,0.03,0.0,0.0,0.0,0.0,0.26,0.02,0.04,2005
Andhra Pradesh,0.0,0.19,6.45,5.39,25.09,22.65,5.3,14.29,7.35,4.62,4.49,13.829999999999998,0.0,6.34,6.34,2.98,10.68,9.36,5.59,2005
Arunanchal Pradesh,0.0,0.0,0.0,2.99,6.05,0.0,0.78,0.0,0.0,0.0,0.0,0.5,0.0,0.44,0.44,0.0,0.0,0.72,0.58,2005
Assam,0.0,0.19,0.0,0.0,13.739999999999998,0.0,0.35,0.0,14.71,20.51,3.77,0.74,0.0,1.47,1.47,0.67,0.0,2.52,1.47,2005
Bihar,1.59,3.75,6.45,2.4,9.0,0.0,0.4,10.39,3.31,0.51,3.48,8.77,0.0,1.62,1.62,0.49,0.86,1.83,1.22,2005
Chandigarh,0.0,0.0,0.0,0.0,1.69,0.16,0.08,0.0,0.37,0.51,0.14,0.39,0.0,0.15,0.15,0.3,0.69,0.82,0.45,2005
Chhattisgarh,26.98,5.63,0.0,11.709999999999999,37.760000000000005,11.66,6.07,1.3,4.78,6.15,7.97,20.910000000000004,0.0,12.98,12.98,5.17,4.74,4.78,6.64,2005
Dadara & Nagar Havelli,0.0,0.0,0.0,0.0,0.05,0.0,0.21,0.0,0.0,0.0,0.0,0.08,0.0,0.0,0.0,0.18,0.17,0.02,0.07,2005
Daman & Diu,0.0,0.0,0.0,0.0,0.0,0.0,0.0,0.0,0.0,0.0,0.14,0.0,0.0,0.0,0.0,0.0,0.0,0.0,0.0,2005
Delhi,0.0,4.32,16.13,8.11,23.47,22.08,1.55,20.78,10.29,6.15,5.22,20.810000000000002,0.0,9.73,9.73,0.55,6.03,2.81,4.41,2005
Goa,0.0,0.0,0.0,0.0,1.51,0.8,0.05,0.0,0.0,0.0,0.0,0.12,0.0,0.0,0.0,0.06,0.69,0.39,0.24,2005
Gujarat,4.76,4.69,0.0,71.32000000000001,33.55,3.7800000000000002,7.01,3.9,6.62,7.69,3.62,21.990000000000002,0.0,2.36,2.36,12.71,19.29,7.74,7.2,2005
Haryana,0.0,5.63,0.0,77.51,46.34,17.72,6.66,5.19,6.25,6.67,3.62,14.239999999999998,0.0,3.24,3.24,7.73,5.94,1.68,4.75,2005
Himachal Pradesh,0.0,1.13,6.45,0.0,1.33,0.47,0.72,0.0,1.84,2.56,0.72,3.0,0.0,1.18,1.18,1.64,0.0,0.59,0.72,2005
Jammu & Kashmir,0.0,0.0,0.0,0.0,0.02,0.31,0.03,0.0,0.0,0.0,0.0,0.03,0.0,0.0,0.0,0.0,0.0,0.02,0.02,2005
Jharkhand,0.0,12.76,0.0,7.78,39.440000000000005,5.359999999999999,1.93,10.39,4.04,1.54,5.94,18.21,0.0,3.69,3.69,4.44,1.55,1.42,3.48,2005
Karnataka,4.76,0.56,0.0,0.0,9.92,0.0,0.48,0.0,0.37,0.51,1.3,0.1,0.0,0.15,0.15,0.36,1.29,1.93,0.93,2005
Kerala,0.0,0.56,0.0,1.2,3.7800000000000002,3.9699999999999998,1.31,1.3,0.74,0.51,1.16,0.49,0.0,1.47,1.47,9.73,1.03,1.17,1.5,2005
Lakshadweep,0.0,0.0,0.0,0.0,0.03,0.0,0.0,0.0,0.0,0.0,0.0,0.0,0.0,0.0,0.0,0.0,0.0,0.0,0.0,2005
Madhya Pradesh,15.87,18.57,19.35,20.56,46.67,58.89,25.79,7.79,19.12,23.59,18.99,102.39,0.0,24.93,24.93,7.36,6.46,12.38,22.35,2005
Maharashtra,20.63,20.08,19.35,41.370000000000005,139.63,22.39,30.6,7.79,8.09,8.21,19.86,109.74000000000001,0.0,13.42,13.42,32.91,27.05,27.54,22.44,2005
Manipur,0.0,0.0,0.0,0.0,0.0,0.0,0.0,0.0,0.0,0.0,0.0,0.0,0.0,0.0,0.0,0.0,0.0,0.0,0.0,2005
Meghalaya,0.0,0.0,0.0,0.0,6.260000000000001,0.0,0.11,0.0,0.37,0.51,1.01,0.37,0.0,1.77,1.77,0.0,0.17,0.41,0.37,2005
Mizoram,0.0,0.56,0.0,24.330000000000002,4.49,0.0,1.28,0.0,0.0,0.0,0.0,0.0,0.0,0.59,0.59,0.0,0.0,4.19,1.27,2005
Nagaland,0.0,0.0,0.0,0.0,0.0,0.0,0.0,0.0,0.0,0.0,0.0,0.0,0.0,0.44,0.44,0.0,0.0,0.0,0.01,2005
Odisha,6.35,2.63,0.0,1.2,8.74,9.77,1.1,3.9,1.84,1.03,3.77,31.799999999999997,0.0,2.8,2.8,2.31,0.43,3.14,2.35,2005
Puducherry,0.0,0.0,0.0,0.0,0.45999999999999996,0.0,0.24,0.0,0.0,0.0,0.0,0.13,0.0,0.0,0.0,0.0,0.26,0.25,0.16,2005
Punjab,0.0,1.69,0.0,7.19,0.64,1.58,0.45,0.0,1.47,2.05,0.87,2.73,0.0,0.44,0.44,0.0,0.0,0.25,0.44,2005
Rajasthan,14.29,12.57,3.23,15.77,19.47,5.78,6.02,11.69,6.62,4.62,6.09,19.380000000000003,0.0,5.31,5.31,4.32,7.32,5.34,6.86,2005
Sikkim,0.0,0.0,0.0,0.0,0.31,0.0,0.13,0.0,0.0,0.0,0.29,0.02,0.0,0.29,0.29,0.06,0.0,0.08,0.09,2005
Tamil Nadu,4.76,3.0,6.45,0.0,12.25,10.37,0.91,0.0,0.37,0.51,5.22,4.08,0.0,2.95,2.95,4.99,4.31,7.02,3.38,2005
Tripura,0.0,0.0,0.0,0.0,0.0,0.0,0.0,0.0,0.0,0.0,0.0,0.0,0.0,0.0,0.0,0.0,0.0,0.0,0.0,2005
Uttar Pradesh,0.0,1.31,12.9,0.0,0.74,2.08,0.03,0.0,1.1,1.54,1.88,3.96,0.0,0.74,0.74,0.36,0.0,0.45,0.41,2005
Uttarakhand,0.0,0.0,0.0,1.2,0.43,0.0,0.08,0.0,0.0,0.0,0.0,0.0,0.0,0.0,0.0,0.3,0.6,0.18,0.13,2005
West Bengal,0.0,0.0,3.23,0.0,6.949999999999999,0.16,0.32,1.3,0.37,0.0,0.43,1.11,0.0,1.47,1.47,0.36,0.17,0.96,0.39,2005
Andaman & Nicobar Island,0.0,0.0,0.0,2.08,0.8500000000000001,0.37,0.07,0.0,0.0,0.0,0.0,0.23,0.0,0.0,0.0,0.06,,,0.16,2006
Andhra Pradesh,5.88,1.71,24.49,3.12,45.36,35.88,6.02,8.91,9.28,9.44,5.91,14.11,0.0,7.81,7.81,4.55,,,6.14,2006
Arunanchal Pradesh,0.0,0.0,0.0,0.0,0.68,0.0,0.43,0.0,0.0,0.0,0.0,0.68,0.0,0.0,0.0,0.0,,,0.3,2006
Assam,1.96,0.0,0.0,0.0,14.28,0.74,0.69,0.99,2.99,3.86,2.48,1.4500000000000002,0.0,1.16,1.16,3.71,,,2.0,2006
Bihar,0.0,1.4,0.0,0.0,5.6899999999999995,0.37,0.31,0.99,0.9,0.86,1.24,5.140000000000001,0.0,1.3,1.3,1.26,,,0.85,2006
Chandigarh,0.0,0.16,0.0,5.26,2.92,0.93,0.16,0.0,0.0,0.0,0.28,0.27,0.0,0.14,0.14,0.06,,,0.39,2006
Chhattisgarh,7.84,5.28,2.04,13.19,36.14,14.63,8.75,8.91,3.89,1.72,7.02,21.86,0.0,9.99,9.99,4.25,,,6.75,2006
Dadara & Nagar Havelli,0.0,0.0,0.0,0.0,0.14,0.0,0.0,0.0,0.0,0.0,0.41,0.03,0.0,0.0,0.0,0.0,,,0.03,2006
Daman & Diu,0.0,0.0,0.0,0.0,0.03,0.0,0.02,0.0,0.0,0.0,0.0,0.0,0.0,0.0,0.0,0.18,,,0.02,2006
Delhi,0.0,4.04,12.24,4.17,43.99,15.379999999999999,2.48,19.8,11.98,8.58,2.75,13.94,0.0,7.24,7.24,3.95,,,4.82,2006
Goa,0.0,0.31,0.0,1.04,1.86,0.0,0.04,0.0,0.3,0.43,0.14,0.32,0.0,0.14,0.14,0.18,,,0.25,2006
Gujarat,11.76,3.88,0.0,18.86,50.59,4.76,5.77,4.95,11.38,14.16,5.36,31.759999999999998,0.0,1.74,1.74,13.82,,,7.9,2006
Haryana,0.0,3.11,0.0,68.31,56.26,14.86,5.5,2.97,5.69,6.87,2.75,19.279999999999998,0.0,4.63,4.63,5.2,,,4.66,2006
Himachal Pradesh,0.0,0.93,2.04,0.0,0.8300000000000001,1.12,0.4,0.0,0.0,0.0,0.28,1.27,0.0,0.87,0.87,0.9,,,0.44,2006
Jammu & Kashmir,0.0,0.0,0.0,0.0,0.3,0.0,0.0,0.0,0.0,0.0,0.14,0.0,0.0,0.0,0.0,0.0,,,0.03,2006
Jharkhand,13.73,10.4,12.24,5.21,19.93,1.3,3.49,11.88,6.89,4.72,5.23,18.08,0.0,5.21,5.21,5.5,,,3.12,2006
Karnataka,0.0,4.04,2.04,0.0,38.98,1.7000000000000002,1.66,0.0,0.6,0.86,1.38,1.26,0.0,2.03,2.03,1.08,,,1.81,2006
Kerala,1.96,0.47,2.04,2.08,18.74,2.97,1.39,0.0,0.9,1.29,0.55,0.75,0.0,1.01,1.01,5.26,,,1.49,2006
Lakshadweep,0.0,0.0,0.0,0.0,0.0,0.0,0.0,0.0,0.0,0.0,0.0,0.0,0.0,0.0,0.0,0.0,,,0.0,2006
Madhya Pradesh,21.57,21.12,14.29,16.32,68.88,69.72,26.91,9.9,19.46,23.61,21.46,109.36,0.0,28.36,28.36,8.79,,,22.07,2006
Maharashtra,25.49,22.52,12.24,118.68,187.98000000000002,21.09,27.99,11.88,12.87,13.3,20.36,65.07,0.0,13.6,13.6,31.58,,,22.18,2006
Manipur,0.0,0.0,0.0,0.0,0.0,0.0,0.0,0.0,0.0,0.0,0.0,0.0,0.0,0.0,0.0,0.0,,,0.0,2006
Meghalaya,0.0,0.0,0.0,0.0,5.55,0.0,0.0,0.0,0.0,0.0,1.38,0.2,0.0,0.58,0.58,0.0,,,0.22,2006
Mizoram,0.0,0.0,0.0,0.0,1.08,0.0,0.0,0.0,0.0,0.0,0.0,0.88,0.0,0.29,0.29,0.0,,,0.31,2006
Nagaland,0.0,0.0,0.0,0.0,0.07,0.0,0.0,0.0,0.0,0.0,0.14,0.0,0.0,0.0,0.0,0.0,,,0.01,2006
Odisha,1.96,2.48,0.0,2.08,16.119999999999997,2.62,0.47,10.89,3.29,0.0,4.13,6.87,0.0,2.75,2.75,1.02,,,2.16,2006
Puducherry,0.0,0.16,0.0,0.0,0.8600000000000001,0.95,0.07,0.0,0.9,1.29,0.0,0.02,0.0,0.0,0.0,0.0,,,0.13,2006
Punjab,0.0,1.09,0.0,0.0,3.08,1.17,0.31,1.98,0.9,0.43,0.69,5.09,0.0,0.0,0.0,0.0,,,0.43,2006
Rajasthan,3.92,10.56,0.0,26.39,40.95,4.28,5.75,2.97,5.09,6.01,8.25,24.02,0.0,4.78,4.78,7.06,,,7.09,2006
Sikkim,0.0,0.0,0.0,0.0,1.79,0.37,0.16,0.0,0.0,0.0,0.0,0.02,0.0,0.14,0.14,0.0,,,0.13,2006
Tamil Nadu,3.92,3.73,0.0,0.0,19.73,3.85,0.98,0.0,0.0,0.0,3.44,46.800000000000004,0.0,1.16,1.16,0.84,,,2.76,2006
Tripura,0.0,0.0,0.0,0.0,0.0,0.0,0.0,0.0,0.0,0.0,0.0,0.0,0.0,0.0,0.0,0.0,,,0.0,2006
Uttar Pradesh,0.0,1.55,12.24,0.0,2.8000000000000003,0.37,0.02,0.0,0.3,0.43,3.03,9.77,0.0,1.3,1.3,0.0,,,0.57,2006
Uttarakhand,0.0,0.47,0.0,13.19,2.33,0.19,0.09,0.99,1.2,1.29,0.69,1.3900000000000001,0.0,1.88,1.88,0.06,,,0.38,2006
West Bengal,0.0,0.62,4.08,0.0,11.21,0.37,0.07,1.98,1.2,0.86,0.55,0.07,0.0,1.88,1.88,0.72,,,0.42,2006
Andaman & Nicobar Island,0.0,0.0,0.0,0.0,0.32,0.0,0.06,0.0,0.0,0.0,0.0,0.19,0.0,0.0,0.0,0.0,0.0,0.07,0.1,2007
Andhra Pradesh,3.03,3.21,25.58,14.55,31.379999999999995,23.7,5.3,5.06,9.09,6.34,7.04,24.75,0.0,8.0,8.0,1.43,9.47,9.96,6.05,2007
Arunanchal Pradesh,0.0,0.0,0.0,0.0,4.0,0.0,0.39,0.0,0.0,0.0,0.0,0.36,0.0,0.0,0.0,0.0,0.73,0.39,0.35,2007
Assam,0.0,0.15,0.0,10.47,17.55,3.78,2.69,6.75,6.36,6.63,2.91,2.27,0.0,3.03,3.03,7.22,2.18,6.92,3.88,2007
Bihar,1.52,10.86,4.65,38.33,19.29,1.16,4.3,7.59,24.55,12.97,4.98,37.43,0.0,4.48,4.48,15.33,1.17,3.28,4.69,2007
Chandigarh,0.0,0.31,2.33,0.0,1.69,0.0,0.08,0.0,0.0,0.0,0.12,0.44,0.0,0.36,0.36,0.31,0.8,0.83,0.39,2007
Chhattisgarh,6.06,4.89,2.33,39.09,23.419999999999998,11.02,5.22,0.84,0.91,0.86,4.85,23.049999999999997,0.0,7.27,7.27,3.36,4.44,4.46,5.29,2007
Dadara & Nagar Havelli,0.0,0.0,0.0,0.0,0.18,0.0,0.0,0.0,0.0,0.0,0.0,0.0,0.0,0.0,0.0,0.09,0.0,0.07,0.04,2007
Daman & Diu,1.52,0.15,0.0,0.0,0.11,0.0,0.0,0.0,0.0,0.0,0.0,0.0,0.0,0.0,0.0,0.31,0.0,0.03,0.05,2007
Delhi,0.0,3.06,0.0,9.29,19.02,4.55,0.97,2.11,0.91,1.73,3.03,8.18,0.0,3.76,3.76,1.03,3.57,4.65,2.81,2007
Goa,1.52,0.0,0.0,0.0,1.26,0.19,0.02,0.84,0.0,0.58,0.0,2.0100000000000002,0.0,0.24,0.24,0.04,0.36,0.44,0.26,2007
Gujarat,4.55,3.82,2.33,3.57,29.580000000000002,11.13,6.44,12.66,1.82,9.22,5.34,22.049999999999997,0.0,3.15,3.15,8.02,16.53,6.81,7.65,2007
Haryana,0.0,3.21,0.0,51.82,43.74,18.17,5.48,7.59,5.45,6.92,3.88,22.75,0.0,3.52,3.52,4.66,8.67,2.33,4.89,2007
Himachal Pradesh,0.0,0.15,0.0,0.0,0.6699999999999999,1.16,0.5,0.42,0.0,0.29,0.36,1.7200000000000002,0.0,1.21,1.21,0.72,0.29,0.16,0.49,2007
Jammu & Kashmir,1.52,0.46,0.0,0.0,0.11,0.0,0.0,0.0,0.0,0.0,0.0,0.08,0.0,0.12,0.12,0.0,0.0,0.03,0.05,2007
Jharkhand,3.03,2.91,4.65,26.3,5.99,0.58,1.76,1.27,8.18,3.46,3.16,1.46,0.0,2.06,2.06,2.15,1.31,1.45,1.57,2007
Karnataka,1.52,3.06,4.65,3.57,16.77,1.74,1.06,0.84,1.82,1.15,2.43,1.3,0.0,1.21,1.21,1.26,2.48,2.27,1.69,2007
Kerala,0.0,1.38,2.33,4.55,10.309999999999999,1.16,1.97,0.84,1.82,1.15,0.85,0.75,0.0,0.61,0.61,11.39,3.2,1.36,2.12,2007
Lakshadweep,0.0,0.0,0.0,0.0,0.0,0.0,0.0,0.0,0.0,0.0,0.0,0.0,0.0,0.0,0.0,0.0,0.0,0.0,0.0,2007
Madhya Pradesh,13.64,24.01,16.28,5.71,41.51,75.43,27.98,9.7,5.45,8.36,16.99,107.81,0.0,28.48,28.48,7.53,6.05,10.74,21.52,2007
Maharashtra,37.88,19.42,4.65,49.37,165.84,28.07,27.55,15.61,14.55,15.27,22.09,81.69,0.0,11.64,11.64,27.88,23.45,24.0,20.98,2007
Manipur,0.0,0.0,0.0,0.0,0.0,0.0,0.0,0.0,0.0,0.0,0.0,0.0,0.0,0.0,0.0,0.0,0.0,0.0,0.0,2007
Meghalaya,7.58,0.31,0.0,0.0,2.86,0.58,0.02,0.0,0.0,0.0,0.36,3.25,0.0,1.09,1.09,0.0,0.07,0.47,0.35,2007
Mizoram,0.0,0.0,0.0,0.0,1.45,0.19,0.02,0.0,0.0,0.0,0.0,0.08,0.0,0.73,0.73,0.0,0.0,0.62,0.27,2007
Nagaland,0.0,0.0,0.0,0.0,0.0,0.0,0.0,0.0,0.0,0.0,0.0,0.0,0.0,0.0,0.0,0.0,0.0,0.0,0.0,2007
Odisha,4.55,2.75,2.33,8.33,8.67,2.7,1.03,2.11,0.91,1.73,3.4,6.34,0.0,3.88,3.88,1.3,0.22,3.18,2.11,2007
Puducherry,0.0,0.0,0.0,0.0,0.77,1.85,0.1,0.0,0.0,0.0,0.12,0.08,0.0,0.0,0.0,0.22,0.0,0.39,0.21,2007
Punjab,0.0,0.46,0.0,0.0,2.04,0.0,0.27,0.0,0.0,0.0,0.12,0.4,0.0,0.48,0.48,0.0,0.22,0.28,0.35,2007
Rajasthan,12.12,11.77,0.0,4.29,24.12,5.79,5.17,5.49,5.45,5.48,6.07,21.619999999999997,0.0,6.3,6.3,1.66,9.32,6.81,6.61,2007
Sikkim,0.0,0.0,2.33,1.43,0.36,0.19,0.35,0.0,0.0,0.0,0.24,0.52,0.0,0.73,0.73,1.03,0.0,0.24,0.3,2007
Tamil Nadu,0.0,2.6,2.33,2.86,16.54,0.39,0.99,0.84,1.82,1.15,5.46,1.23,0.0,1.82,1.82,1.75,4.3,5.68,2.82,2007
Tripura,0.0,0.0,0.0,8.33,0.0,0.0,0.0,0.0,0.0,0.0,0.12,0.0,0.0,0.0,0.0,0.0,0.0,0.0,0.01,2007
Uttar Pradesh,0.0,0.46,6.98,8.33,3.67,5.64,0.14,17.72,4.55,13.54,4.49,27.560000000000002,0.0,2.42,2.42,1.08,0.87,0.98,1.39,2007
Uttarakhand,0.0,0.15,4.65,9.09,4.0200000000000005,0.0,0.1,1.27,0.0,0.86,0.73,0.11,0.0,0.61,0.61,0.13,0.29,0.64,0.39,2007
West Bengal,0.0,0.46,11.63,0.71,2.7399999999999998,0.8200000000000001,0.02,0.42,6.36,2.31,0.85,0.5,0.0,2.79,2.79,0.09,0.0,0.44,0.34,2007
Andaman & Nicobar Island,1.12,0.0,0.0,0.0,0.9099999999999999,0.0,0.04,0.0,0.0,0.0,0.67,0.17,0.0,0.0,0.0,0.09,,,0.17,2008
Andhra Pradesh,4.49,2.28,15.38,13.92,33.410000000000004,27.08,4.33,4.84,5.71,5.5,3.88,17.2,0.0,6.03,6.03,0.81,,,4.9,2008
Arunanchal Pradesh,0.0,0.0,0.0,0.0,2.2700000000000005,0.49,0.24,0.0,3.9299999999999997,0.34,0.0,0.23,0.0,0.0,0.0,0.09,,,0.27,2008
Assam,6.74,0.14,11.54,8.059999999999999,12.52,0.16,0.96,11.29,9.549999999999999,4.12,3.55,1.2,0.0,4.75,4.75,3.0,,,2.07,2008
Bihar,5.62,6.56,3.85,45.879999999999995,12.46,2.31,2.46,23.39,16.46,8.25,6.32,15.3,0.0,4.29,4.29,11.11,,,3.76,2008
Chandigarh,0.0,0.14,0.0,0.0,4.44,0.0,0.11,0.0,2.94,0.69,0.0,0.35,0.0,0.0,0.0,0.81,,,0.51,2008
Chhattisgarh,17.98,7.56,0.0,3.12,27.26,20.8,6.49,4.03,10.629999999999999,5.84,5.99,33.099999999999994,0.0,9.5,9.5,3.58,,,9.16,2008
Dadara & Nagar Havelli,0.0,0.0,0.0,0.0,0.52,0.66,0.0,0.0,0.24,0.34,0.0,0.03,0.0,0.0,0.0,0.0,,,0.07,2008
Daman & Diu,0.0,0.0,0.0,0.0,0.17,0.0,0.06,0.0,0.0,0.0,0.0,0.0,0.0,0.0,0.0,0.09,,,0.04,2008
Delhi,2.25,3.85,11.54,6.1,23.400000000000002,1.49,0.49,0.0,5.25,5.15,3.88,6.61,0.0,2.78,2.78,0.13,,,1.68,2008
Goa,0.0,0.0,0.0,0.62,1.44,1.0,0.02,0.0,1.2999999999999998,0.69,0.11,0.13,0.0,0.12,0.12,0.45,,,0.21,2008
Gujarat,2.25,3.14,0.0,20.279999999999998,42.199999999999996,3.9499999999999997,6.41,2.42,15.53,8.25,6.32,24.36,0.0,1.62,1.62,7.75,,,6.92,2008
Haryana,1.12,3.71,11.54,57.59,46.559999999999995,17.29,4.88,8.06,11.95,8.93,3.55,20.520000000000003,0.0,2.78,2.78,4.84,,,4.92,2008
Himachal Pradesh,0.0,0.71,0.0,11.729999999999999,2.16,0.33,0.24,0.0,0.24,0.34,0.33,0.73,0.0,0.58,0.58,0.85,,,0.52,2008
Jammu & Kashmir,0.0,0.0,0.0,0.0,0.03,0.0,0.04,0.0,0.0,0.0,0.0,0.07,0.0,0.0,0.0,0.13,,,0.04,2008
Jharkhand,3.37,1.57,0.0,4.07,10.780000000000001,1.48,1.14,9.68,17.06,0.34,2.44,5.6,0.0,3.59,3.59,2.1,,,1.54,2008
Karnataka,0.0,3.85,0.0,5.56,25.21,0.66,0.53,0.81,5.98,0.0,3.77,2.71,0.0,1.04,1.04,1.16,,,1.52,2008
Kerala,1.12,1.71,0.0,0.0,18.88,2.31,2.63,0.0,1.47,0.34,1.22,3.02,0.0,1.85,1.85,7.52,,,2.32,2008
Lakshadweep,0.0,0.0,0.0,0.0,0.0,0.0,0.0,0.0,0.0,0.0,0.0,0.0,0.0,0.0,0.0,0.0,,,0.0,2008
Madhya Pradesh,12.36,22.54,15.38,9.309999999999999,69.86,62.72,28.9,8.06,14.459999999999999,11.34,14.52,120.96000000000001,0.0,25.26,25.26,9.67,,,20.43,2008
Maharashtra,25.84,21.11,11.54,102.03,161.26000000000002,34.08,26.37,5.65,40.09,8.59,20.29,69.32,0.0,14.72,14.72,29.38,,,21.25,2008
Manipur,0.0,0.0,0.0,0.0,0.0,0.0,0.0,0.0,0.0,0.0,0.0,0.0,0.0,0.0,0.0,0.0,,,0.0,2008
Meghalaya,0.0,1.57,0.0,0.0,1.35,0.16,0.02,2.42,6.199999999999999,1.37,1.33,0.6,0.0,1.39,1.39,0.0,,,0.42,2008
Mizoram,0.0,0.0,0.0,0.0,1.39,0.33,0.04,0.81,0.24,0.0,0.0,0.09,0.0,0.12,0.12,0.0,,,0.19,2008
Nagaland,0.0,0.0,0.0,0.0,0.0,0.0,0.0,0.0,0.0,0.0,0.0,0.0,0.0,0.0,0.0,0.0,,,0.0,2008
Odisha,1.12,3.57,0.0,0.62,15.73,6.12,1.39,0.0,4.46,3.44,1.88,7.02,0.0,3.13,3.13,1.48,,,2.44,2008
Puducherry,0.0,0.43,0.0,0.0,1.25,0.0,0.13,0.0,0.0,0.0,0.22,0.01,0.0,0.0,0.0,0.09,,,0.16,2008
Punjab,0.0,0.29,7.69,2.34,4.21,0.33,0.39,0.81,0.24,0.0,0.89,0.82,0.0,1.16,1.16,0.0,,,0.33,2008
Rajasthan,7.87,11.98,0.0,6.88,41.36,5.25,4.33,8.06,14.8,16.49,7.1,32.47,0.0,5.91,5.91,3.36,,,7.15,2008
Sikkim,2.25,0.0,0.0,0.0,1.04,0.0,0.02,0.0,0.0,0.0,0.0,0.01,0.0,0.0,0.0,0.09,,,0.11,2008
Tamil Nadu,3.37,2.71,0.0,0.0,22.490000000000002,0.82,3.04,0.0,1.95,1.03,4.1,6.68,0.0,0.93,0.93,1.3,,,3.18,2008
Tripura,1.12,0.0,0.0,0.0,0.74,0.0,0.09,0.81,0.24,0.0,0.11,1.11,0.0,0.35,0.35,0.31,,,0.14,2008
Uttar Pradesh,0.0,0.0,7.69,0.0,4.119999999999999,2.83,0.13,5.65,6.27,6.53,4.88,25.080000000000002,0.0,3.71,3.71,0.13,,,1.06,2008
Uttarakhand,0.0,0.29,3.85,1.88,3.13,0.0,0.23,0.0,0.0,0.0,0.78,1.23,0.0,0.46,0.46,0.0,,,0.39,2008
West Bengal,0.0,0.29,0.0,0.0,7.459999999999999,7.38,3.86,3.23,2.8200000000000003,2.06,1.88,3.28,0.0,3.94,3.94,9.67,,,2.13,2008
Andaman & Nicobar Island,0.0,0.27,0.0,0.0,0.37,0.7,0.0,0.0,0.0,0.0,0.2,0.18,0.0,0.0,0.0,0.25,0.0,0.04,0.13,2009
Andhra Pradesh,1.06,0.96,0.0,22.5,20.740000000000002,48.959999999999994,4.74,5.11,6.74,7.43,2.8,13.32,0.0,6.99,6.99,1.73,8.32,9.09,5.31,2009
Arunanchal Pradesh,0.0,0.0,0.0,0.0,1.7400000000000002,0.0,0.87,0.0,0.0,0.0,0.0,0.79,0.0,0.34,0.34,0.49,0.0,0.09,0.48,2009
Assam,1.06,0.55,0.0,0.79,13.23,0.38,0.59,12.41,5.65,2.79,1.4,0.46,0.0,4.4,4.4,1.83,0.42,5.75,1.92,2009
Bihar,13.83,6.18,12.12,14.54,13.51,2.08,1.21,17.52,9.13,5.57,6.61,13.660000000000002,0.0,3.72,3.72,9.58,1.62,2.72,3.38,2009
Chandigarh,0.0,0.0,3.03,18.240000000000002,1.32,0.0,0.11,0.0,0.0,0.0,0.2,0.5,0.0,0.45,0.45,0.84,0.47,0.95,0.46,2009
Chhattisgarh,24.47,10.44,0.0,2.36,32.82,25.96,7.93,4.38,3.7,3.41,6.01,26.18,0.0,10.37,10.37,5.48,4.13,4.54,9.87,2009
Dadara & Nagar Havelli,0.0,0.14,0.0,0.0,0.27,0.0,0.0,0.0,0.0,0.0,0.0,0.06,0.0,0.23,0.23,0.1,0.0,0.35,0.09,2009
Daman & Diu,0.0,0.0,0.0,0.0,0.0,0.19,0.0,0.0,0.0,0.0,0.0,0.0,0.0,0.0,0.0,0.05,0.0,0.0,0.01,2009
Delhi,0.0,4.95,21.21,11.48,16.42,1.32,1.46,0.0,3.04,4.33,7.21,5.58,0.0,3.49,3.49,0.25,3.19,2.25,2.02,2009
Goa,0.0,0.14,0.0,0.0,1.26,0.19,0.11,0.73,0.22,0.0,0.5,0.17,0.0,0.34,0.34,0.0,0.94,0.13,0.26,2009
Gujarat,2.13,3.3,0.0,30.509999999999998,20.59,3.5300000000000002,7.84,2.92,7.17,8.98,3.9,32.88,0.0,2.48,2.48,8.15,11.93,5.7,6.45,2009
Haryana,0.0,3.02,0.0,72.58,38.24,3.7199999999999998,5.81,5.84,7.61,8.36,3.4,14.8,0.0,2.93,2.93,4.05,5.86,2.16,4.11,2009
Himachal Pradesh,1.06,0.41,0.0,0.0,1.9700000000000002,0.94,0.36,0.0,0.0,0.0,0.9,1.16,0.0,0.79,0.79,0.99,0.42,0.39,0.56,2009
Jammu & Kashmir,0.0,0.0,0.0,0.0,0.09,0.19,0.0,0.0,0.0,0.0,0.1,0.06,0.0,0.0,0.0,0.05,0.0,0.0,0.03,2009
Jharkhand,6.38,4.67,3.03,1.57,16.419999999999998,2.26,2.26,12.41,5.87,3.1,7.01,18.03,0.0,6.88,6.88,3.26,1.31,2.25,2.51,2009
Karnataka,0.0,1.79,0.0,9.9,7.81,1.64,0.55,0.73,0.43,0.31,2.9,0.65,0.0,0.9,0.9,0.64,0.99,0.84,0.87,2009
Kerala,3.19,1.37,0.0,8.33,9.76,2.84,1.98,0.73,0.87,0.93,0.5,1.33,0.0,0.45,0.45,9.83,4.5,1.88,2.34,2009
Lakshadweep,0.0,0.0,0.0,0.0,0.0,0.0,0.0,0.0,0.0,0.0,0.0,0.0,0.0,0.0,0.0,0.0,0.0,0.0,0.0,2009
Madhya Pradesh,7.45,14.84,12.12,18.93,45.56,47.04,23.14,10.95,11.52,11.76,12.41,91.21000000000001,0.0,22.89,22.89,9.88,3.92,8.14,17.86,2009
Maharashtra,24.47,22.66,12.12,44.83,177.31,35.540000000000006,27.91,11.68,9.78,8.98,18.42,84.37,0.0,10.03,10.03,36.74,34.75,27.22,22.31,2009
Manipur,0.0,0.0,0.0,0.0,0.0,0.0,0.0,0.0,0.0,0.0,0.0,0.0,0.0,0.0,0.0,0.0,0.0,0.0,0.0,2009
Meghalaya,1.06,0.0,0.0,0.0,2.6500000000000004,0.0,0.21,0.0,0.0,0.0,1.0,0.14,0.0,0.56,0.56,0.0,0.0,0.69,0.3,2009
Mizoram,0.0,0.0,0.0,0.0,0.42000000000000004,0.0,0.0,0.0,0.0,0.0,0.0,0.0,0.0,0.11,0.11,0.0,0.1,0.15,0.07,2009
Nagaland,0.0,0.0,6.06,0.0,0.34,0.0,0.0,0.0,0.0,0.0,0.3,0.0,0.0,0.0,0.0,0.0,0.0,0.11,0.05,2009
Odisha,0.0,2.2,0.0,17.46,12.439999999999998,1.95,0.48,0.0,0.87,1.24,1.9,2.5199999999999996,0.0,3.27,3.27,0.79,0.21,3.02,1.6,2009
Puducherry,0.0,0.14,0.0,0.0,4.99,0.19,0.52,0.0,0.0,0.0,1.0,0.21,0.0,0.0,0.0,0.0,0.58,0.22,0.27,2009
Punjab,0.0,1.79,0.0,1.57,1.77,0.57,0.52,1.46,1.52,1.55,1.2,6.1000000000000005,0.0,0.9,0.9,0.0,0.42,0.5,0.69,2009
Rajasthan,10.64,13.05,12.12,16.48,29.299999999999997,11.139999999999999,6.27,9.49,13.26,14.86,7.71,25.15,0.0,6.43,6.43,1.93,9.16,5.81,7.93,2009
Sikkim,0.0,0.14,0.0,0.0,0.5900000000000001,0.0,0.11,0.0,0.0,0.0,0.2,0.32999999999999996,0.0,0.23,0.23,0.69,0.0,0.56,0.21,2009
Tamil Nadu,2.13,4.67,0.0,6.3,17.97,2.9099999999999997,3.35,0.0,0.87,1.24,5.31,26.82,0.0,1.92,1.92,0.94,4.5,10.17,4.93,2009
Tripura,1.06,0.14,0.0,0.0,1.1199999999999999,0.0,0.55,0.0,0.0,0.0,0.2,2.1199999999999997,0.0,1.24,1.24,0.54,0.16,0.24,0.3,2009
Uttar Pradesh,0.0,1.92,15.15,0.0,2.6,4.86,0.5,3.65,8.7,10.84,5.41,28.689999999999998,0.0,4.51,4.51,0.2,0.84,2.14,1.51,2009
Uttarakhand,0.0,0.14,3.03,1.57,2.71,0.38,0.27,0.0,0.65,0.93,0.4,1.51,0.0,0.68,0.68,0.25,1.1,0.93,0.62,2009
West Bengal,0.0,0.14,0.0,0.0,3.6500000000000004,0.57,0.32,0.0,2.39,3.41,0.9,1.02,0.0,2.48,2.48,0.49,0.16,0.97,0.55,2009
Andaman & Nicobar Island,0.0,0.0,0.0,0.0,0.34,0.51,0.04,0.0,0.0,0.0,0.0,0.12,0.0,0.32,0.32,0.06,,,0.09,2010
Andhra Pradesh,6.67,1.72,8.11,12.27,49.49,51.19,5.57,6.54,7.64,8.03,7.56,18.93,0.0,9.28,9.28,2.05,,,6.78,2010
Arunanchal Pradesh,0.0,0.0,2.7,0.0,1.46,0.17,0.64,0.0,0.0,0.0,0.0,0.17,0.0,0.43,0.43,0.58,,,0.29,2010
Assam,2.67,0.0,0.0,0.61,6.58,1.34,0.75,14.38,5.43,2.29,1.42,2.05,0.0,3.95,3.95,2.24,,,1.39,2010
Bihar,1.33,4.06,8.11,0.61,32.97,1.51,1.23,14.38,12.05,11.24,5.08,6.2299999999999995,0.0,2.77,2.77,4.28,,,2.52,2010
Chandigarh,0.0,0.94,2.7,1.22,12.55,0.0,0.29,0.0,0.0,0.0,1.06,0.5,0.0,0.75,0.75,0.9,,,0.6,2010
Chhattisgarh,16.0,9.84,0.0,45.15,31.4,25.72,8.94,0.0,2.38,3.21,5.9,21.9,0.0,7.47,7.47,8.31,,,7.75,2010
Dadara & Nagar Havelli,0.0,0.0,0.0,0.0,0.5900000000000001,0.33,0.02,0.0,0.34,0.46,0.0,0.02,0.0,0.0,0.0,0.0,,,0.07,2010
Daman & Diu,0.0,0.47,0.0,0.0,0.8600000000000001,0.0,0.02,0.0,0.0,0.0,0.0,0.47000000000000003,0.0,0.0,0.0,0.0,,,0.03,2010
Delhi,0.0,4.06,0.0,1.22,23.329999999999995,1.34,1.23,3.27,1.87,1.38,6.49,2.43,0.0,4.27,4.27,0.45,,,2.27,2010
Goa,0.0,0.0,0.0,0.0,2.7,0.33,0.02,0.0,0.17,0.23,0.0,1.11,0.0,0.11,0.11,0.26,,,0.28,2010
Gujarat,2.67,3.12,0.0,25.54,38.4,4.029999999999999,6.38,3.92,6.45,7.34,5.67,29.39,0.0,1.81,1.81,5.31,,,6.14,2010
Haryana,2.67,2.03,0.0,34.08,13.11,1.51,4.49,1.31,2.89,3.44,2.72,5.74,0.0,2.45,2.45,3.13,,,3.04,2010
Himachal Pradesh,5.33,0.16,0.0,1.22,2.0700000000000003,1.85,0.66,0.0,0.34,0.46,0.35,1.64,0.0,1.07,1.07,1.53,,,0.75,2010
Jammu & Kashmir,0.0,0.78,0.0,3.12,0.16,0.0,0.0,0.0,0.0,0.0,0.0,1.03,0.0,0.11,0.11,0.32,,,0.1,2010
Jharkhand,0.0,0.0,0.0,0.0,0.66,0.0,0.04,3.27,4.58,5.05,0.71,104.77,0.0,0.64,0.64,0.26,,,0.35,2010
Karnataka,0.0,0.94,0.0,2.44,4.67,0.5,0.2,3.92,1.02,0.0,1.42,0.33,0.0,0.64,0.64,0.51,,,0.66,2010
Kerala,1.33,0.62,5.41,4.27,24.270000000000003,2.5300000000000002,2.62,0.0,0.85,1.15,0.59,1.22,0.0,1.07,1.07,16.05,,,2.92,2010
Lakshadweep,0.0,0.0,0.0,0.0,0.0,0.0,0.0,0.0,0.0,0.0,0.0,0.0,0.0,0.0,0.0,0.0,,,0.0,2010
Madhya Pradesh,21.33,17.81,8.11,17.75,54.2,54.57,25.34,2.61,8.83,11.01,14.76,140.88,0.0,21.02,21.02,10.04,,,21.94,2010
Maharashtra,18.67,21.25,2.7,62.29,223.50000000000003,36.28,28.58,10.46,8.32,7.57,16.77,76.74,0.0,10.46,10.46,35.04,,,21.42,2010
Manipur,0.0,0.0,0.0,0.0,0.0,0.0,0.0,0.0,0.0,0.0,0.0,0.0,0.0,0.0,0.0,0.0,,,0.0,2010
Meghalaya,1.33,0.62,0.0,3.12,7.99,0.0,0.09,0.0,0.0,0.0,0.12,0.41,0.0,1.6,1.6,0.0,,,0.4,2010
Mizoram,0.0,0.0,0.0,0.0,2.4,0.0,0.0,0.0,0.0,0.0,0.12,0.14,0.0,0.43,0.43,0.0,,,0.28,2010
Nagaland,0.0,0.0,0.0,11.45,3.7,0.33,0.0,2.61,0.68,0.0,0.12,0.0,0.0,0.11,0.11,0.0,,,0.17,2010
Odisha,1.33,1.88,0.0,19.97,23.75,1.67,1.19,1.96,1.7,1.61,2.36,5.279999999999999,0.0,1.81,1.81,1.92,,,1.92,2010
Puducherry,0.0,0.0,0.0,1.22,1.14,0.0,0.07,0.0,0.17,0.23,0.71,0.09,0.0,0.0,0.0,0.13,,,0.16,2010
Punjab,0.0,1.41,0.0,15.04,20.55,0.33,0.53,0.65,0.51,0.46,1.53,6.87,0.0,1.39,1.39,0.0,,,0.82,2010
Rajasthan,17.33,15.47,2.7,16.259999999999998,47.14,4.35,6.01,9.8,16.13,18.35,7.56,26.89,0.0,8.86,8.86,3.07,,,8.09,2010
Sikkim,0.0,0.0,0.0,0.0,2.07,0.0,0.0,0.0,0.0,0.0,0.0,0.15,0.0,0.43,0.43,0.06,,,0.24,2010
Tamil Nadu,1.33,6.25,2.7,12.6,36.05,5.9,3.15,0.0,0.34,0.46,5.08,6.35,0.0,0.96,0.96,2.17,,,3.97,2010
Tripura,0.0,0.0,0.0,0.0,0.55,1.02,0.02,0.0,0.0,0.0,0.12,14.26,0.0,0.32,0.32,0.38,,,0.16,2010
Uttar Pradesh,0.0,4.38,43.24,7.32,16.79,1.17,0.99,11.11,9.34,8.72,10.27,17.53,0.0,10.57,10.57,0.64,,,2.84,2010
Uttarakhand,0.0,1.09,0.0,0.0,3.84,0.5,0.09,0.0,1.19,1.61,0.0,0.57,0.0,0.11,0.11,0.19,,,0.54,2010
West Bengal,0.0,1.09,13.51,1.22,10.729999999999999,1.0,0.79,9.8,6.79,5.73,1.53,5.79,0.0,4.8,4.8,0.13,,,1.01,2010
Andaman & Nicobar Island,0.0,0.12,0.0,0.0,0.06,0.0,0.02,0.0,0.0,0.0,0.0,0.03,0.0,0.08,0.08,0.0,0.0,0.04,0.03,2011
Andhra Pradesh,21.0,5.69,8.06,24.6,28.45,66.75,7.66,16.95,7.9,5.42,7.19,30.91,0.0,6.01,6.01,2.18,10.97,14.06,7.88,2011
Arunanchal Pradesh,0.0,0.24,0.0,0.0,1.1099999999999999,0.16,0.66,0.0,0.0,0.0,0.0,0.15,0.0,0.0,0.0,0.0,0.16,0.51,0.3,2011
Assam,2.0,0.12,0.0,3.74,5.390000000000001,0.64,0.2,6.21,5.47,5.26,1.54,1.81,0.0,2.92,2.92,0.34,0.16,2.64,1.38,2011
Bihar,6.0,10.41,1.61,5.61,18.64,1.8,2.85,12.99,6.44,4.64,4.45,8.899999999999999,0.0,1.38,1.38,14.61,2.25,1.56,3.46,2011
Chandigarh,0.0,1.82,0.0,0.0,7.24,0.0,0.14,0.56,0.73,0.77,0.86,0.47,0.0,0.08,0.08,0.34,0.49,0.4,0.5,2011
Chhattisgarh,12.0,4.72,0.0,12.7,26.06,18.0,10.45,0.0,1.7,2.17,4.88,19.45,0.0,6.5,6.5,4.11,3.02,5.41,7.08,2011
Dadara & Nagar Havelli,0.0,0.0,0.0,0.0,0.14,0.16,0.0,0.0,0.0,0.0,0.34,0.1,0.0,0.0,0.0,0.1,0.38,0.0,0.07,2011
Daman & Diu,0.0,0.0,0.0,0.0,0.6,0.0,0.02,0.0,0.0,0.0,0.0,0.0,0.0,0.0,0.0,0.29,0.0,0.0,0.05,2011
Delhi,0.0,3.87,0.0,21.7,22.439999999999998,3.1900000000000004,1.63,2.82,3.65,3.87,5.65,2.59,0.0,4.55,4.55,0.0,7.13,3.98,3.04,2011
Goa,0.0,0.85,0.0,0.0,1.9100000000000001,0.0,0.08,0.0,0.12,0.15,0.34,0.75,0.0,0.24,0.24,0.05,1.54,0.42,0.37,2011
Gujarat,4.0,2.91,1.61,6.25,37.85,3.4000000000000004,7.1,3.39,6.44,7.28,4.45,29.28,0.0,1.3,1.3,9.14,7.19,5.94,6.4,2011
Haryana,3.0,2.3,0.0,19.27,15.49,1.49,2.79,1.69,2.55,2.79,2.31,9.08,0.0,1.54,1.54,2.81,3.51,1.78,2.46,2011
Himachal Pradesh,0.0,0.24,0.0,0.0,1.92,1.71,0.5,0.0,0.49,0.62,0.43,1.9700000000000002,0.0,0.73,0.73,0.97,1.1,0.66,0.77,2011
Jammu & Kashmir,0.0,0.12,0.0,0.51,0.12,0.16,0.0,0.0,0.0,0.0,0.09,0.09,0.0,0.0,0.0,0.19,0.0,0.0,0.06,2011
Jharkhand,0.0,0.36,1.61,2.55,7.300000000000001,0.0,0.92,7.34,4.5,3.72,1.54,1.02,0.0,1.71,1.71,3.05,0.71,1.21,1.18,2011
Karnataka,1.0,1.33,0.0,2.04,6.390000000000001,0.96,0.66,1.69,2.07,2.17,2.91,2.54,0.0,0.57,0.57,1.26,0.55,0.87,1.19,2011
Kerala,5.0,1.09,1.61,1.53,17.8,3.7300000000000004,2.61,0.0,0.97,1.24,1.11,1.55,0.0,2.76,2.76,12.34,3.78,1.63,2.74,2011
Lakshadweep,0.0,0.0,0.0,0.0,0.0,0.0,0.0,0.0,0.0,0.0,0.0,0.0,0.0,0.0,0.0,0.0,0.0,0.0,0.0,2011
Madhya Pradesh,14.0,16.46,6.45,9.48,39.06,40.92,18.36,0.56,13.37,16.87,12.16,122.75999999999999,0.0,22.83,22.83,6.19,6.2,7.59,17.86,2011
Maharashtra,13.0,21.79,8.06,109.25,154.88,37.4,26.54,11.3,7.41,6.35,17.21,68.41000000000001,0.0,11.54,11.54,35.61,27.59,24.74,20.86,2011
Manipur,0.0,0.0,0.0,0.0,0.0,0.0,0.0,0.0,0.0,0.0,0.0,0.0,0.0,0.0,0.0,0.0,0.0,0.0,0.0,2011
Meghalaya,0.0,0.0,0.0,0.0,3.7199999999999998,0.16,0.16,0.56,0.12,0.0,1.03,100.2,0.0,1.71,1.71,0.0,0.11,0.82,0.4,2011
Mizoram,1.0,0.0,0.0,0.0,0.63,0.48,0.16,0.0,0.0,0.0,0.0,0.13,0.0,0.24,0.24,0.0,0.0,0.38,0.18,2011
Nagaland,0.0,0.0,0.0,0.51,0.76,0.0,0.0,1.69,0.36,0.0,0.17,0.17,0.0,0.41,0.41,0.0,0.0,0.19,0.14,2011
Odisha,2.0,0.85,0.0,0.51,12.2,1.59,1.36,1.69,1.58,1.55,1.88,5.98,0.0,3.9,3.9,0.48,0.16,2.64,1.99,2011
Puducherry,0.0,0.24,0.0,0.0,3.3200000000000003,0.6900000000000001,0.26,0.0,0.0,0.0,0.34,3.4000000000000004,0.0,0.0,0.0,0.24,0.11,0.32,0.24,2011
Punjab,0.0,0.97,4.84,12.639999999999999,13.350000000000001,0.53,0.62,2.26,0.73,0.31,1.37,1.23,0.0,0.65,0.65,0.0,0.22,0.99,0.63,2011
Rajasthan,12.0,12.71,4.84,14.41,30.009999999999998,7.48,7.3,5.65,9.36,10.37,7.28,28.32,0.0,7.47,7.47,1.16,10.09,5.33,7.95,2011
Sikkim,0.0,0.0,0.0,0.0,0.5800000000000001,0.0,0.24,0.0,0.12,0.15,0.09,2.67,0.0,0.24,0.24,0.0,0.05,0.44,0.2,2011
Tamil Nadu,3.0,6.05,1.61,2.04,19.770000000000003,2.07,3.01,0.56,1.82,2.17,6.08,16.44,0.0,1.3,1.3,1.94,10.7,7.15,4.55,2011
Tripura,1.0,0.0,0.0,0.51,0.2,0.32,0.18,0.0,0.0,0.0,0.34,7.8500000000000005,0.0,0.24,0.24,0.58,0.16,0.21,0.3,2011
Uttar Pradesh,0.0,3.15,50.0,27.05,15.919999999999998,3.03,2.57,8.47,11.06,11.76,9.5,22.94,0.0,12.35,12.35,1.26,0.93,5.46,3.67,2011
Uttarakhand,0.0,0.12,1.61,0.0,1.03,0.0,0.1,1.69,1.22,1.08,0.26,0.09,0.0,0.57,0.57,0.0,0.6,0.44,0.27,2011
West Bengal,0.0,1.45,8.06,23.05,5.710000000000001,3.18,0.88,11.86,9.84,9.29,4.2,8.66,0.0,6.17,6.17,0.77,0.11,2.18,1.8,2011
